id,name,model_id:id,group_id:id,perm_read,perm_write,perm_create,perm_unlink
document_approval.access_document_approval,access_document_approval,document_approval.model_document_approval,base.group_user,1,1,1,1
access_document_approval_team_user,access.document.approval.team.user,model_document_approval_team,base.group_user,1,1,1,1
access_document_approval_steps_user,access.document.approval.steps.user,model_document_approval_step,base.group_user,1,1,1,1
access_document_approval_file_user,access.document.approval.file.user,model_document_approval_file,base.group_user,1,1,1,1
access_document_approval_user,access.document.approval.user,model_document_approve,base.group_user,1,1,1,1
access_document_reject_user,access.document.reject.user,model_document_reject,base.group_user,1,1,1,1
access_document_approval_signature_user,access.document.approval.signature.user,model_document_approval_signature,base.group_user,1,1,1,1
